Caractéristiques,Avantages,Bénéfices / preuves
Interface d'échange avec base de connaissances,Moins de temps de recherche (gain de temps),Gain de temps pour les équipes (moins de recherche)
Interface d'échange avec base de connaissances,Accessibilité de la recherche,Tout le monde accède facilement aux bonnes informations
Interface d'échange avec base de connaissances,Simplicité / confort,Amélioration de l'expérience utilisateur
Interface d'échange avec base de connaissances,Modernité (image que cela donne),Valorisation de l’image de l’organisation
Interface d'échange avec base de connaissances,Retrouver les informations (organisationnelle),"Organisation interne structurée, savoir facilement retrouvé"
Agent IA,"Interlocuteur polyvalent (pluridiciplinaire, juridique, environnement…)","Plus qu'un simple moteur de recherche, il s'agit d'un expert à disposition accessible d'un seul et même outil. "
Agent IA,"Extension multi actions (envoi de mail, slack…)",Un seul outil pour plusieurs actions = gain de productivité
Low code,Facilité de maintenance et évolution (pour le client),L'indépendance du client pour maintenir la solution. 
Préparé préalablement la base de connaissance (quelles sont les connaissances),"Il n'y a pas de limite sur la nature de la base de connaissances (base de données, fichiers excel, PDF…)",Toutes les données de l'entreprise peuvent être traitées
Base de données (limite à fixer) 2 à 3 repertoires,"On peut croiser des données d'origines différentes (comptable, expédition, commerce…)",Vision transversale des données métiers
Base de données (limite à fixer) 2 à 3 repertoires,"On peut croiser des données d'origines différentes (comptable, expédition, commerce…)","Moins de dépendance entre services, réponses plus rapides"
Limite de volume d'utilisation qui depend de vous et pas de la platforme d'IA,,"Interrogation libre, pas de limite à l’usage"
Serveurs dédiés Européens (permis grâce à l'IA open source),Ne pas être soumis aux lois étrangères,Pas de fuite des données
Serveurs dédiés Européens (permis grâce à l'IA open source),Maitriser l'usage des données,Pas de fuite des données
Serveur énergie renouvables proche des barrages,Environnementale. RSE.,"Image écoresponsable, réponse aux appels d’offres RSE"
Serveur énergie renouvables proche des barrages,Décarbonnation de l'industrie,"Image écoresponsable, réponse aux appels d’offres RSE"
"Maintenance, garantie de fonctionnement du service",Une solution maintenue et accessible. Sécurité.,"Service disponible, confiance renforcée"
9h à 17h pour le SAV,Une solution maintenue et accessible. Sécurité.,"Support accessible, réduction des interruptions"
2 jours pour la résolution,,"Délais maîtrisés, engagements respectés"
Un interlocuteur unique par projet,,Facilite le suivi et la relation client
Outil de ticketing,Facilicité et formalisme pour saisir et suivre les incidents,Réactivité SAV accrue
Sauvegardes,Une garantie de non perte du fonctionnement de l'agent et des flux de données qui construisent la connaissance.,"Pas de perte de données, fiabilité assurée"
Supervision,Garantie au client une détection proactif des défaillances matérielles,"Réduction des pannes critiques, réactivité accrue"
Veille sur les nouveaux modèles d'IA,"Une solution à jour, maintenue et évolutive. Avec les dernières évolutions du marché.","L’entreprise reste à la pointe de l’IA, sans effort interne"
Forfait,,"Coût connu, sans surprise budgétaire"
Analyse des données (issues de la base de connaissance),Gain de temps,Capacité à faire des estimations rapides d'analyses complexes
Analyse des données (issues de la base de connaissance),Accès à des champs d'analyse non anticipés ou difficilement accessibles,Découverte de signaux faibles ou d’informations cachées
Création de documents (exemple AO),Gain de temps,"Production rapide de documents, moins de ressaisies"
Analyse AMOA,Avoir des outils dimensionnés aux besoins des clients.,Aide à la décision et à la structuration des besoins client et des technologies a exploiter
L'IA renvoie du texte mais également la source,"Confiance, véracité des informations",Gain en expertise
L'IA renvoie du texte mais également la source,,Accèder à une information fiable
L'IA renvoie du texte mais également la source,,Informatiions fiables correspondant à votre expertise métier
Livraison en 2 mois,,"Maitrise, garantie de mise en œuvre rapide"